# Verified by read-only Linear get_issue; each row carries its own read date (verifiedOn). See docs/menaces.md.
# identifier	uuid	verifiedOn	url
ANH-74	09c371a3-5c65-4c1e-a028-4bb92a144199	2026-10-05	https://linear.app/anheart/issue/ANH-74/verrou-unique-sur-le-cable-variateur-console-bench-console
ANH-80	4e814857-6300-4e32-a998-b5109e9f136f	2026-10-05	https://linear.app/anheart/issue/ANH-80/valider-les-6-capteurs-bitalino-reels-fonctions-de-transfert-gains
ANH-82	65f7ac07-df7a-4344-a2e0-b61226bc524b	2026-10-05	https://linear.app/anheart/issue/ANH-82/redeployer-convex-avec-le-nouveau-schema-sans-casser-le-site-en
ANH-85	52baf97e-17e2-421a-a01a-8e79cf38943e	2026-10-05	https://linear.app/anheart/issue/ANH-85/lancement-a-distance-confirmation-physique-obligatoire-a-la-machine
ANH-114	171a713b-9154-4372-8e90-8c729d811bd5	2026-10-05	https://linear.app/anheart/issue/ANH-114/multi-organisation-separer-les-clients-dans-convex-et-le-site
ANH-120	1e20d375-b7f0-443c-b399-98b005db0a36	2026-10-05	https://linear.app/anheart/issue/ANH-120/pilote-chez-un-premier-client-et-bilan-de-mise-en-production
ANH-121	7ebc3c81-d2b2-41c5-8847-51627c9b91da	2026-10-05	https://linear.app/anheart/issue/ANH-121/cle-machine-reversible-et-machine-supprimee-encore-authentifiee
ANH-122	9cd9ab3b-878d-4f3a-9c84-1ee7dd10bd60	2026-10-05	https://linear.app/anheart/issue/ANH-122/corriger-les-defauts-fonctionnels-du-site-releves-par-la-documentation
ANH-126	657a8b64-76e9-47c5-b56c-8246f9ff209e	2026-10-05	https://linear.app/anheart/issue/ANH-126/cicd-deploiement-vercel-et-convex-automatise-rapports-du-framework-de
ANH-130	48a32653-3e46-45ba-b4da-6cc8bae02e93	2026-10-05	https://linear.app/anheart/issue/ANH-130/depot-des-enregistrements-de-seance-dans-convex-storage-organise-par
ANH-132	256bf5b6-6c06-47ae-8a1e-7b4aecc8b701	2026-10-05	https://linear.app/anheart/issue/ANH-132/tests-convex-matrice-dautorisation-par-role-et-organisation-contrat
ANH-134	70603677-ba4b-4476-afea-7d3c829e96b2	2026-10-05	https://linear.app/anheart/issue/ANH-134/processus-de-release-versions-semantiques-pi-convex-site-changelog
ANH-138	95b25451-0462-4de1-9e43-6ac9fe200be8	2026-10-05	https://linear.app/anheart/issue/ANH-138/publication-des-programmes-vers-les-machines-le-pi-recupere-revalide
ANH-139	cd34d3e5-4365-434d-9db5-211071464516	2026-10-05	https://linear.app/anheart/issue/ANH-139/parametres-medicaux-signes-fichier-versionne-verification-au-demarrage
ANH-142	74fa7174-e03e-42ce-97bb-3e611faf90b1	2026-10-05	https://linear.app/anheart/issue/ANH-142/controles-pre-vol-automatiques-avant-chaque-seance-variateur-bitalino
ANH-144	c6d5fba2-6660-4c10-b65f-3849d5444afe	2026-10-05	https://linear.app/anheart/issue/ANH-144/identite-et-droits-reverifies-a-larmement-passager-affiche-et-confirme
ANH-150	9d432170-be14-430e-8337-74c8d268062f	2026-10-05	https://linear.app/anheart/issue/ANH-150/vues-de-flotte-et-alertes-equipe-liste-filtrable-detail-machine
ANH-151	27170496-6bb0-49c9-ac7b-08bb775e6d66	2026-10-05	https://linear.app/anheart/issue/ANH-151/durcissement-du-raspberry-pi-point-dacces-dedie-a-la-console-pare-feu
ANH-152	837a89fb-4de4-4aa6-b9e7-ccbc1a3beb28	2026-10-05	https://linear.app/anheart/issue/ANH-152/console-locale-authentification-de-loperateur-connexion-nommee-par
ANH-153	357a3eb9-30ce-4b27-babf-992284cbc137	2026-10-05	https://linear.app/anheart/issue/ANH-153/dependances-secrets-authentification-forte-et-audit-de-securite
ANH-157	dd5b475b-e100-4ae1-a97c-0508a3f70e32	2026-10-05	https://linear.app/anheart/issue/ANH-157/site-invitations-par-clerk-organizations-liaison-dun-patient-pre-cree
ANH-163	7a7b3855-20e3-4ce2-85ce-d5c62c0bd1f6	2026-10-05	https://linear.app/anheart/issue/ANH-163/pi-horloge-fiable-ntp-ou-rtc-journaux-persistants-et-bornes
ANH-165	982f9314-f3dc-40ab-8491-8fd8a7fef1af	2026-10-05	https://linear.app/anheart/issue/ANH-165/convex-rotation-revocation-et-expiration-des-cles-machine-avec
ANH-166	e13f6af2-79dd-464b-aeaf-8f059e6b0838	2026-10-05	https://linear.app/anheart/issue/ANH-166/convex-limitation-de-debit-par-machine-et-par-utilisateur-taille
ANH-167	2c714a43-13ad-49eb-ac60-5c8e0fe57b57	2026-10-05	https://linear.app/anheart/issue/ANH-167/convex-journal-daudit-immuable-des-actions-sensibles-consultable-et
ANH-168	cec2ff1c-d800-49f0-b057-016c89c1105a	2026-10-05	https://linear.app/anheart/issue/ANH-168/ota-paquets-de-version-signes-par-la-ci-verification-de-signature-sur
ANH-170	bf7e71d5-dab8-419b-8ab4-26bbb2034a3d	2026-10-05	https://linear.app/anheart/issue/ANH-170/ota-jamais-pendant-une-seance-installation-seulement-machine-au-repos
ANH-171	3ec43438-e77e-4bf8-81c2-b4f0b27272b6	2026-10-05	https://linear.app/anheart/issue/ANH-171/ota-essai-de-retour-arriere-volontaire-et-procedure-documentee
ANH-177	905dafed-c047-4ec6-991e-3c752bea004e	2026-10-06	https://linear.app/anheart/issue/ANH-177/convex-renforcer-deux-controles-dautorisation-men-08-men-17
